{
  "states": [
    [
      25.2515595,
      -15.729758799999999
    ],
    [
      -28.505902499999998,
      15.353970799999999
    ]
  ],
  "zones": [
    [
      13.691744382591713,
      1.3414672901787996
    ],
    [
      11.403044519859423,
      4.161531571611789
    ]
  ]
}