{
  "states": [
    [
      25.2515595,
      -15.729758799999999
    ],
    [
      -28.505902499999998,
      15.353970799999999
    ]
  ],
  "msa": [
    [
      27.91456156804667,
      -15.368273389451225
    ],
    [
      -61.7342830516406,
      15.321108489950113
    ]
  ],
  "counties": [
    [
      25.2515595,
      -15.729758799999999
    ],
    [
      -28.505902499999998,
      15.353970799999999
    ]
  ]
}