{
  "states": [
    [
      -24.026114,
      -13.139448
    ],
    [
      20.771771,
      12.76366
    ]
  ],
  "msa": [
    [
      -54.263546,
      -12.810824899501114
    ],
    [
      20.443824516406067,
      12.76366
    ]
  ],
  "counties": [
    [
      -24.026114,
      -13.139448
    ],
    [
      20.771771,
      12.76366
    ]
  ],
  "hrr": [
    [
      11.593769508420445,
      1.5764726469648818
    ],
    [
      13.501019394030688,
      3.926526214825707
    ]
  ],
  "neighborhoods": [
    [
      12.749152871507802,
      2.4866693553021677
    ],
    [
      12.153229587188251,
      3.0842487838222925
    ]
  ],
  "zip": [
    [
      13.844566499461658,
      1.3335991186539147
    ],
    [
      11.374807054593754,
      4.155182005781818
    ]
  ]
}