{
  "states": [
    [
      -24.026114,
      -13.139448
    ],
    [
      20.771771,
      12.76366
    ]
  ],
  "msa": [
    [
      -54.263546,
      -12.810824899501114
    ],
    [
      20.443824516406067,
      12.76366
    ]
  ],
  "counties": [
    [
      -24.026114,
      -13.139448
    ],
    [
      20.771771,
      12.76366
    ]
  ],
  "hrr": [
    [
      -22.371886914960523,
      -13.086989732096237
    ],
    [
      20.69602138694648,
      12.765811283178328
    ]
  ],
  "hrr357": [
    [
      11.593769508420445,
      1.5764726469648818
    ],
    [
      13.501019394030688,
      3.926526214825707
    ]
  ],
  "neighborhoods": [
    [
      12.202889860881548,
      2.536467641012178
    ],
    [
      12.699492597814507,
      3.034450498112282
    ]
  ],
  "zip": [
    [
      11.58062034166608,
      1.5687310259145735
    ],
    [
      13.638753212389332,
      3.920050098521159
    ]
  ]
}