{
  "states": [
    [
      25.2515595,
      -15.729758799999999
    ],
    [
      -28.505902499999998,
      15.353970799999999
    ]
  ],
  "msa": [
    [
      27.91456156804667,
      -15.368273389451225
    ],
    [
      -61.7342830516406,
      15.321108489950113
    ]
  ],
  "counties": [
    [
      25.2515595,
      -15.729758799999999
    ],
    [
      -28.505902499999998,
      15.353970799999999
    ]
  ],
  "hrr": [
    [
      13.691744382591713,
      1.3414672901787996
    ],
    [
      11.403044519859423,
      4.161531571611789
    ]
  ],
  "neighborhoods": [
    [
      12.749152871507802,
      2.4866693553021677
    ],
    [
      12.153229587188251,
      3.0842487838222925
    ]
  ],
  "zip": [
    [
      31.283495614142947,
      -16.211342915349665
    ],
    [
      -31.283495614142947,
      16.21134291534968
    ]
  ]
}