{
  "states": [
    [
      -24.026114,
      -13.139448
    ],
    [
      20.771771,
      12.76366
    ]
  ],
  "msa": [
    [
      -54.263546,
      -12.810824899501114
    ],
    [
      20.443824516406067,
      12.76366
    ]
  ],
  "counties": [
    [
      -24.026114,
      -13.139448
    ],
    [
      20.771771,
      12.76366
    ]
  ],
  "zones": [
    [
      11.593769508420445,
      1.5764726469648818
    ],
    [
      13.501019394030688,
      3.926526214825707
    ]
  ]
}